Timestamp,Open,High,Low,Close,Adj Close,Volume
12/31/2018,5200,5325,5115,5245,4646.744141,233217000
1/7/2019,5230,5320,5150,5200,4606.876953,437807000
1/14/2019,5230,5600,5190,5545,4912.525391,462381000
1/21/2019,5600,5620,5355,5495,4868.228516,435848500
1/28/2019,5445,5750,5440,5500,4872.658691,461434500
2/4/2019,5500,5540,5460,5495,4868.228516,288601500
2/11/2019,5530,5530,5335,5480,4854.939453,452068500
2/18/2019,5420,5595,5380,5490,4863.798828,304772000
2/25/2019,5500,5600,5495,5535,4903.666504,412831500
3/4/2019,5500,5570,5440,5505,4877.088379,177871500
3/11/2019,5540,5560,5450,5550,4916.955078,183547000
3/18/2019,5540,5555,5440,5455,4832.791504,186437000
3/25/2019,5480,5550,5425,5500,4872.658691,127907500
4/1/2019,5530,5570,5450,5480,4854.939453,146788500
4/8/2019,5535,5570,5460,5505,4877.088379,161040500
4/15/2019,5495,5805,5475,5625,4983.400879,263187000
4/22/2019,5680,5710,5525,5685,5036.557129,288796500
4/29/2019,5670,5810,5595,5620,5024.485352,283381000
5/6/2019,5675,5710,5595,5610,5015.54541,384726500
5/13/2019,5560,5630,5140,5380,4809.916504,403776000
5/20/2019,5470,5700,5340,5685,5082.598633,296782000
5/27/2019,5655,5895,5655,5820,5203.293457,439842500
6/3/2019,5820,6190,5810,5880,5256.935547,179238000
6/10/2019,5900,5960,5790,5795,5180.941895,361803500
6/17/2019,5795,5960,5795,5875,5252.465332,379470000
6/24/2019,5930,6025,5805,5990,5355.279785,314952500
7/1/2019,5990,6020,5865,5880,5256.935547,191511500
7/8/2019,5870,6115,5870,6105,5458.09375,225495000
7/15/2019,6080,6290,6045,6290,5623.490723,208475500
7/22/2019,6240,6290,6160,6190,5534.086914,264257500
7/29/2019,6205,6270,6000,6000,5364.21875,334496000
8/5/2019,5880,6120,5765,6040,5399.980957,434517000
8/12/2019,6000,6060,5860,6015,5377.630371,299350000
8/19/2019,6035,6035,5860,5990,5355.279785,254681000
8/26/2019,6040,6100,5950,6000,5364.21875,347072500
9/2/2019,6000,6085,5980,6035,5395.51123,218634000
9/9/2019,6020,6105,5985,6005,5368.69043,231277000
9/16/2019,5990,6050,5985,6025,5386.569824,363357500
9/23/2019,5980,6075,5780,6070,5426.801758,399598500
9/30/2019,6010,6080,5950,6070,5426.801758,256298500
10/7/2019,6080,6200,6015,6200,5543.027344,232678500
10/14/2019,6190,6255,6105,6220,5560.907227,253358000
10/21/2019,6270,6325,6175,6205,5547.49707,307758500
10/28/2019,6205,6380,6150,6275,5610.080078,284895000
11/4/2019,6350,6380,6250,6295,5627.959961,351774000
11/11/2019,6220,6290,6210,6280,5614.549316,238318000
11/18/2019,6330,6350,6255,6275,5610.080078,272036500
11/25/2019,6330,6425,6225,6425,5744.185547,398728500
12/2/2019,6420,6420,6320,6395,5717.364258,256131000
12/9/2019,6395,6420,6340,6360,5704.066406,334828000
12/16/2019,6395,6800,6365,6660,5973.125488,504901000
12/23/2019,6660,6725,6660,6685,5995.54834,129301500
12/30/2019,6685,6800,6680,6735,6040.391113,124500500
1/6/2020,6735,6825,6670,6745,6049.360352,280295500
1/13/2020,6745,7060,6740,6835,6130.077637,389941000
1/20/2020,6885,6940,6810,6840,6134.562988,395356500
1/27/2020,6835,6845,6370,6440,5775.816406,511359500
2/3/2020,6570,6785,6520,6785,6085.234863,540200000
2/10/2020,6785,6820,6675,6720,6026.937988,459582500
2/17/2020,6685,6760,6510,6525,5852.049316,492926000
2/24/2020,6550,6560,6035,6080,5452.943848,623343500
3/2/2020,6200,6540,5785,5785,5188.368652,493996500
3/9/2020,5840,6010,5460,5560,4986.574219,356717000
3/16/2020,5495,5505,4325,4430,3973.115723,1209648000
3/23/2020,4450,5895,4450,5495,4928.27832,1015251500
3/30/2020,5660,5750,5360,5735,5143.525879,660783500
4/6/2020,5735,6100,5480,5500,4932.762207,403305000
4/13/2020,5505,5630,5185,5355,4802.716797,619808000
4/20/2020,5355,5355,4855,4960,4448.455078,568367000
4/27/2020,4960,5300,4800,5220,4762.572266,590227500
5/4/2020,5220,5400,5150,5295,4831.000977,368682500
5/11/2020,5340,5340,4680,4765,4347.443848,690688500
5/18/2020,4840,4960,4680,4765,4347.443848,247662500
5/25/2020,4775,5320,4775,5190,4735.201172,956477000
6/1/2020,5260,5990,5240,5900,5382.983887,958916500
6/8/2020,5940,5995,5480,5500,5018.035645,497568500
6/15/2020,5580,5800,5530,5540,5054.53125,401012000
6/22/2020,5570,5760,5520,5675,5177.700195,284966000
6/29/2020,5700,5935,5660,5935,5414.916504,334037500
7/6/2020,5940,6265,5900,6175,5633.885742,427386000
7/13/2020,6175,6240,6040,6140,5601.953125,306747500
7/20/2020,6100,6250,6000,6100,5565.458496,313250500
7/27/2020,6120,6240,5825,6130,5592.829102,333154000
8/3/2020,6155,6295,6100,6120,5583.705566,265404000
8/10/2020,6140,6405,6130,6405,5843.731445,180304500
8/17/2020,6405,6425,6280,6315,5761.617676,207239500
8/24/2020,6320,6600,6275,6275,5725.123047,309844500
8/31/2020,6280,6560,6200,6285,5734.246582,346582500
9/7/2020,6285,6360,5620,6050,5519.839355,805816500
9/14/2020,6040,6100,5570,5605,5113.834473,896803500
9/21/2020,5520,5695,5390,5515,5031.72168,546805000
9/28/2020,5575,5635,5420,5520,5036.282715,407187500
10/5/2020,5630,5875,5580,5855,5341.927246,446446500
10/12/2020,5840,5900,5710,5900,5382.983887,359358000
10/19/2020,5880,5880,5705,5815,5305.432617,386592500
10/26/2020,5815,5830,5720,5820,5309.994629,240488500
11/2/2020,5840,6400,5785,6285,5734.246582,537911000
11/9/2020,6395,6600,6320,6480,5912.158203,542819000
11/16/2020,6500,6650,6490,6600,6021.642578,510653500
11/23/2020,6600,6600,6135,6205,5661.256836,787282000
11/30/2020,6220,6580,6220,6520,5948.65332,468302500
12/7/2020,6520,6830,6425,6820,6222.364746,615927500
12/14/2020,6830,7000,6605,6830,6250.364746,635549500
12/21/2020,6740,6905,6620,6780,6204.608398,198972500
12/28/2020,6775,6855,6700,6835,6254.94043,134825000
1/4/2021,6860,7360,6850,7345,6721.658691,510012500
1/11/2021,7345,7380,6840,7120,6515.75293,437332500
1/18/2021,7120,7300,7000,7035,6437.967285,405086500
1/25/2021,6955,7000,6595,6820,6241.213379,547096500
2/1/2021,6965,7055,6800,6920,6332.726074,332188500
2/8/2021,7000,7050,6720,6800,6222.910156,241406500
2/15/2021,6880,6960,6735,6790,6213.759277,343837000
2/22/2021,6820,7045,6645,7045,6447.118652,588087500
3/1/2021,7120,7160,6720,6720,6149.699707,489473500
3/8/2021,6700,6880,6600,6665,6099.367676,317628000
3/15/2021,6710,6770,6605,6620,6058.186523,405674000
3/22/2021,6720,6720,6300,6360,5820.251953,646752000
3/29/2021,6370,6455,6145,6155,5632.649414,492103500
4/5/2021,6135,6320,6060,6065,5550.286133,539193000
4/12/2021,6050,6370,5980,6270,5818.322266,483806000
4/19/2021,6200,6400,6165,6285,5832.241699,422116500
4/26/2021,6370,6480,6315,6390,5929.677734,385560000
5/3/2021,6350,6460,6340,6420,5957.516113,256968500
5/10/2021,6400,6500,6305,6500,6031.75293,199738500
5/17/2021,6400,6455,6260,6325,5869.360352,355255500
5/24/2021,6300,6480,6270,6375,5915.757813,828992000
5/31/2021,6375,6620,6375,6530,6059.591797,400227500
6/7/2021,6575,6620,6360,6410,5948.236328,349067500
6/14/2021,6445,6470,6210,6250,5799.762695,384098000
6/21/2021,6250,6390,6055,6055,5618.810059,327645000
6/28/2021,6050,6140,6000,6110,5669.848145,284755000
7/5/2021,6110,6180,5980,6170,5725.525879,223860500
7/12/2021,6170,6175,5980,6005,5572.412109,270109000
7/19/2021,6005,6190,6005,6005,5572.412109,243911000
7/26/2021,6005,6100,5905,5960,5530.653809,437512000
8/2/2021,6025,6360,5985,6200,5753.364746,365095000
8/9/2021,6250,6435,6115,6420,5957.516113,334982500
8/16/2021,6420,6760,6420,6590,6115.27002,475697000
8/23/2021,6570,6605,6470,6565,6092.070801,360787000
8/30/2021,6520,6605,6455,6575,6101.350098,308537500
9/6/2021,6595,6605,6410,6555,6082.791504,313276500
9/13/2021,6590,6595,6480,6585,6110.629883,345874500
9/20/2021,6510,6595,6470,6580,6105.990723,302428000
9/27/2021,6540,7000,6500,6960,6458.615723,489786500
10/4/2021,6910,7300,6860,7255,6732.365234,478406500
10/11/2021,7255,8250,7245,7525,6982.914063,699794700
10/18/2021,7475,7550,7350,7525,6982.914063,397781800
10/25/2021,7600,7600,7350,7400,6866.919434,301674500
11/1/2021,7375,7600,7250,7575,7029.312988,341800400
11/8/2021,7600,7750,7500,7500,6959.714844,325014000
11/15/2021,7400,7575,7325,7475,6936.516113,373956600
11/22/2021,7400,7575,7175,7400,6889.961914,320071300
11/29/2021,7325,7525,7275,7350,6843.40918,408520600
12/6/2021,7450,7475,7275,7300,6796.85498,331989100
12/13/2021,7300,7500,7275,7375,6866.685547,379262400
12/20/2021,7325,7425,7300,7350,6843.40918,174278700
12/27/2021,7375,7400,7300,7325,6820.131836,185665400
1/3/2022,7325,7700,7325,7600,7076.177734,399231200
1/10/2022,7650,7900,7625,7750,7215.838379,352767100
1/17/2022,7775,7950,7550,7800,7262.393066,295440300
1/24/2022,7675,7825,7625,7625,7099.45459,370809200
1/31/2022,7625,7825,7625,7800,7262.393066,196546600
2/7/2022,7750,7950,7650,7700,7169.285156,393761800
2/14/2022,7750,7975,7725,7950,7402.054199,282011800
2/21/2022,7900,8175,7850,8050,7495.161621,440183400
2/28/2022,8000,8225,7700,7700,7169.285156,500892100
3/7/2022,7700,8100,7650,8075,7518.438965,478041000
3/14/2022,8150,8300,7800,7900,7355.5,622882400
3/21/2022,7900,7950,7800,7900,7355.5,406476700
3/28/2022,7875,8075,7825,7900,7468.228516,409199700
4/4/2022,7900,7900,7700,7725,7302.792969,368978500
4/11/2022,7725,7850,7625,7700,7279.15918,292901000
4/18/2022,7700,8000,7625,8000,7562.763184,529579900
4/25/2022,7925,8250,7925,8125,7680.931152,351554600
5/2/2022,8125,8125,7600,7600,7184.624512,456796600
5/9/2022,7250,7700,7250,7325,6924.654785,878479100
5/16/2022,7275,7575,7275,7375,6971.921875,612204500
5/23/2022,7325,7600,7325,7575,7160.991699,375206500
5/30/2022,7600,7750,7425,7450,7042.822754,597222400
6/6/2022,7300,7600,7275,7350,6948.289063,543289400
6/13/2022,7300,7650,7250,7625,7208.258301,549876600
6/20/2022,7600,7650,7350,7350,6948.289063,292091200
6/27/2022,7300,7400,7000,7050,6664.68457,516917200
7/4/2022,7100,7325,7075,7125,6735.586426,323244000
7/11/2022,7175,7250,7000,7150,6759.219727,307071100
7/18/2022,7100,7400,7100,7300,6901.021484,299975100
7/25/2022,7250,7500,7250,7500,7090.090332,426149700
8/1/2022,7600,7925,7500,7875,7444.594727,533921600
8/8/2022,7875,7975,7725,7950,7515.495605,411249000
8/15/2022,7950,8050,7825,8000,7562.763184,325181800
8/22/2022,8000,8150,7900,8150,7704.564453,418302200
8/29/2022,8100,8300,8050,8275,7822.732422,471424300
9/5/2022,8300,8500,8250,8375,7917.267578,461418900
9/12/2022,8375,8875,8375,8650,8177.237305,897190600
9/19/2022,8550,8650,8200,8425,7964.535156,408876400
9/26/2022,8375,8575,8250,8500,8035.435547,532968600
10/3/2022,8525,8625,8125,8300,7846.366211,380561500
10/10/2022,8200,8375,8150,8250,7799.099609,300942900
10/17/2022,8275,8900,8225,8900,8413.574219,456425400
10/24/2022,8825,8875,8550,8800,8319.040039,484565200
10/31/2022,9000,9000,8675,8850,8366.306641,447550600
11/7/2022,8850,8925,8675,8750,8271.772461,337394100
11/14/2022,8775,8900,8550,8725,8248.138672,394655400
11/21/2022,8900,9100,8850,9025,8531.741211,394105100
11/28/2022,8975,9400,8775,8775,8295.405273,1137335500
12/5/2022,8725,8750,8350,8700,8256.613281,776155700
12/12/2022,8625,8700,8400,8650,8209.161133,584999800
12/19/2022,8550,8700,8500,8575,8137.98584,202341800
12/26/2022,8600,8650,8500,8550,8114.258789,169970200
1/2/2023,8550,8600,8100,8450,8019.35498,403359900
1/9/2023,8400,8425,8000,8150,7734.644043,527091700
1/16/2023,8175,8375,8150,8300,7876.999023,348761800
1/23/2023,8300,8850,8200,8700,8256.613281,451530300
1/30/2023,8625,8750,8400,8725,8280.339844,566569100
2/6/2023,8775,8900,8700,8875,8422.695313,368727800
2/13/2023,8850,8950,8700,8750,8304.06543,269421500
2/20/2023,8775,8850,8625,8775,8327.791016,221582000
2/27/2023,8775,8775,8400,8400,7971.903809,418085000
3/6/2023,8350,8650,8350,8550,8114.258789,381325700
3/13/2023,8425,8475,8250,8400,7971.903809,518973200
3/20/2023,8400,8825,8375,8700,8256.613281,347913800
3/27/2023,8800,8900,8625,8800,8351.518555,475712700
4/3/2023,8825,8825,8650,8800,8518.450195,176383300
4/10/2023,8825,9050,8750,9025,8736.250977,382485500
4/17/2023,9050,9175,9025,9125,8833.051758,91178700
4/24/2023,9125,9200,9000,9050,8760.451172,387545900
5/1/2023,9100,9100,8875,9000,8712.050781,384509300
5/8/2023,8950,8975,8725,8775,8494.249023,329602000
5/15/2023,8800,9075,8700,9000,8712.050781,334085600
5/22/2023,9050,9250,9025,9150,8857.250977,391523200
5/29/2023,9200,9325,9050,9200,8905.651367,983553000
6/5/2023,9050,9200,9050,9150,8857.250977,298267500
6/12/2023,9175,9175,8975,9000,8712.050781,321949300
6/19/2023,9025,9150,8950,9075,8784.651367,230160900
6/26/2023,9050,9150,9025,9075,8784.651367,145081000
7/3/2023,9150,9150,9025,9050,8760.451172,198813700
7/10/2023,9100,9250,9025,9175,8881.451172,288605500
7/17/2023,9200,9250,9100,9100,8808.851563,241130200
7/24/2023,9175,9400,9100,9125,8833.051758,469898000
7/31/2023,9175,9300,9100,9275,8978.251953,283247600
8/7/2023,9275,9450,9200,9350,9050.852539,341562300
8/14/2023,9325,9375,9175,9175,8881.451172,265645600
8/21/2023,9150,9325,9150,9200,8905.651367,277942400
8/28/2023,9275,9300,9100,9225,8929.851563,320526000
9/4/2023,9250,9250,9050,9125,8833.051758,286619000
9/11/2023,9100,9125,9000,9000,8712.050781,404004600
9/18/2023,9000,9175,8975,9000,8712.050781,226815800
9/25/2023,9000,9100,8825,9075,8784.651367,370512700
10/2/2023,9075,9250,9025,9050,8760.451172,380937600
10/9/2023,9000,9125,8925,9100,8808.851563,319707400
10/16/2023,9050,9075,8725,8850,8566.849609,315222900
10/23/2023,8775,8950,8700,8850,8566.849609,299319900
10/30/2023,8800,9050,8600,9050,8760.451172,333394400
11/6/2023,9000,9050,8825,8875,8591.049805,210136600
11/13/2023,8900,9075,8875,8875,8591.049805,277154400
11/20/2023,8825,8975,8775,8875,8591.049805,282832600
11/27/2023,8875,9025,8850,8925,8639.450195,464412100
12/4/2023,8950,8950,8675,8750,8510.461914,390073600
12/11/2023,8700,9225,8675,9200,8948.142578,641208300
12/18/2023,9125,9350,9125,9325,9069.720703,290678900
12/25/2023,9325,9450,9325,9400,9142.667969,214552700
1/1/2024,9400,9625,9325,9575,9312.876953,257836400
1/8/2024,9600,9750,9550,9725,9458.770508,308657900
1/15/2024,9700,9775,9525,9625,9361.508789,339669000
1/22/2024,9450,9600,9300,9550,9288.561523,392897400
1/29/2024,9500,9800,9475,9575,9312.876953,437233600
2/5/2024,9750,9800,9625,9800,9531.716797,268553900
2/12/2024,9750,10000,9700,9875,9604.664063,426439800
2/19/2024,9850,10025,9725,9800,9531.716797,302830600
2/26/2024,9750,10000,9750,9750,9483.085938,319793600
3/4/2024,9900,10300,9775,10150,9872.135742,351511600
3/11/2024,10400,10400,10000,10150,9872.135742,468924600
3/18/2024,10150,10250,9925,10075,9799.189453,370493100
3/25/2024,10050,10100,9825,9850,9801.116211,263735200
4/1/2024,9925,9950,9525,9825,9776.240234,400603600
4/8/2024,9825,9825,9825,9825,9776.240234,0
4/15/2024,9350,9675,9250,9350,9303.597656,782712900
4/22/2024,9400,10000,9400,9800,9751.364258,607536200
4/29/2024,10050,10050,9500,9800,9751.364258,340979000
5/6/2024,9700,9750,9200,9525,9477.729492,325025600
5/13/2024,9625,9850,9425,9475,9427.977539,398970000
5/20/2024,9450,9575,9275,9300,9253.845703,325602600
5/27/2024,9300,9400,8775,9275,9228.969727,1227041700
6/3/2024,9525,9525,9300,9525,9477.729492,299616200
6/10/2024,9550,9550,9100,9200,9154.341797,256115100
6/17/2024,9200,9750,9050,9600,9552.357422,427959300
6/24/2024,9600,9975,9450,9875,9825.992188,481899800
7/1/2024,10000,10050,9825,10050,10000.12402,311613200
7/8/2024,10100,10225,9950,10050,10000.12402,279416600
7/15/2024,9975,10150,9800,10100,10049.87598,278407500
7/22/2024,10200,10425,10075,10250,10199.13086,306725500
7/29/2024,10300,10375,9875,9875,9825.992188,357847200
8/5/2024,10075,10250,9950,10200,10149.37988,272389900
8/12/2024,10250,10425,10175,10375,10323.51074,228388600
8/19/2024,10325,10500,10225,10325,10273.75879,283562000
8/26/2024,10275,10500,10175,10275,10224.00684,382355300
9/2/2024,10325,10350,10125,10275,10224.00684,202827000
9/9/2024,10350,10500,10275,10425,10373.2627,260530600
9/16/2024,10450,10950,10350,10950,10895.65723,510800200
9/23/2024,10775,10950,10325,10325,10273.75879,586239800
9/30/2024,10400,10550,10250,10300,10248.88281,357799200
10/7/2024,10200,10575,10150,10500,10447.89063,283908800
10/14/2024,10550,10875,10450,10675,10622.02246,289656500
10/21/2024,10475,10850,10475,10600,10547.39453,302952700
10/28/2024,10525,10575,10250,10375,10323.51074,358703300
11/4/2024,10300,10575,9800,10050,10000.12402,453074200
11/11/2024,10100,10275,10000,10000,9950.37207,329007400
11/18/2024,9900,10200,9850,10175,10124.50391,460826400
11/25/2024,10250,10250,9750,9750,9750,284519200
12/2/2024,10025,10350,9900,10350,10350,453573400
12/9/2024,10325,10425,10000,10100,10100,276817300
12/16/2024,9950,10050,9550,9775,9775,423837500
12/23/2024,9850,9900,9675,9675,9675,112782500
12/30/2024,9675,9925,9650,9675,9675,121634700
1/6/2025,9675,9925,9525,9675,9675,330796900
1/13/2025,9600,9925,9525,9625,9625,408163900
1/20/2025,9600,9750,9350,9350,9350,487275100
1/27/2025,9350,9500,9150,9350,9350,358068500
2/3/2025,9350,9400,8825,9150,9150,571686700
2/10/2025,9025,9325,8950,9325,9325,488171500
2/17/2025,,,,,,
